-- phpMyAdmin SQL Dump
-- version 5.2.0
-- https://www.phpmyadmin.net/
--
-- Servidor: 127.0.0.1
-- Tiempo de generación: 11-07-2022 a las 03:24:15
-- Versión del servidor: 10.4.24-MariaDB
-- Versión de PHP: 7.4.29

SET SQL_MODE = "NO_AUTO_VALUE_ON_ZERO";
START TRANSACTION;
SET time_zone = "+00:00";


/*!40101 SET @OLD_CHARACTER_SET_CLIENT=@@CHARACTER_SET_CLIENT */;
/*!40101 SET @OLD_CHARACTER_SET_RESULTS=@@CHARACTER_SET_RESULTS */;
/*!40101 SET @OLD_COLLATION_CONNECTION=@@COLLATION_CONNECTION */;
/*!40101 SET NAMES utf8mb4 */;

--
-- Base de datos: `centroescolarbd`
--

-- --------------------------------------------------------

--
-- Estructura de tabla para la tabla `alumnos`
--

CREATE TABLE `alumnos` (
  `id` int(11) NOT NULL,
  `num_lista` int(11) NOT NULL,
  `nombres` varchar(45) NOT NULL,
  `apellidos` varchar(45) NOT NULL,
  `genero` char(1) NOT NULL,
  `id_grado` int(11) NOT NULL,
  `id_seccion` int(11) NOT NULL
) ENGINE=InnoDB DEFAULT CHARSET=utf8;

--
-- Volcado de datos para la tabla `alumnos`
--

INSERT INTO `alumnos` (`id`, `num_lista`, `nombres`, `apellidos`, `genero`, `id_grado`, `id_seccion`) VALUES
(3, 2, 'David', 'Salguero Erazo', 'M', 1, 1),
(4, 3, 'Andy Vladimir', 'Salguero', 'M', 1, 1),
(7, 7, 'Douglas Alejandro', 'Bocaranda Leon', 'M', 1, 1);

-- --------------------------------------------------------

--
-- Estructura de tabla para la tabla `cargo`
--

CREATE TABLE `cargo` (
  `id` int(11) NOT NULL,
  `descripcion` varchar(250) NOT NULL
) ENGINE=InnoDB DEFAULT CHARSET=utf8;

--
-- Volcado de datos para la tabla `cargo`
--

INSERT INTO `cargo` (`id`, `descripcion`) VALUES
(1, 'Administrador'),
(2, 'Profesor'),
(3, 'Estudiante');

-- --------------------------------------------------------

--
-- Estructura de tabla para la tabla `grados`
--

CREATE TABLE `grados` (
  `id` int(11) NOT NULL,
  `nombre` varchar(45) NOT NULL,
  `ciclo` varchar(45) NOT NULL
) ENGINE=InnoDB DEFAULT CHARSET=utf8;

--
-- Volcado de datos para la tabla `grados`
--

INSERT INTO `grados` (`id`, `nombre`, `ciclo`) VALUES
(1, 'Primer Cuatrimestre', 'I');

-- --------------------------------------------------------

--
-- Estructura de tabla para la tabla `materias`
--

CREATE TABLE `materias` (
  `id` int(11) NOT NULL,
  `nombre` varchar(45) NOT NULL,
  `num_evaluaciones` int(11) NOT NULL,
  `id_grado` int(11) NOT NULL
) ENGINE=InnoDB DEFAULT CHARSET=utf8;

--
-- Volcado de datos para la tabla `materias`
--

INSERT INTO `materias` (`id`, `nombre`, `num_evaluaciones`, `id_grado`) VALUES
(1, 'Informática', 4, 1);

-- --------------------------------------------------------

--
-- Estructura de tabla para la tabla `notas`
--

CREATE TABLE `notas` (
  `id` int(11) NOT NULL,
  `nota` decimal(10,2) DEFAULT NULL,
  `observaciones` varchar(100) DEFAULT NULL,
  `id_alumno` int(11) NOT NULL,
  `id_materia` int(11) NOT NULL
) ENGINE=InnoDB DEFAULT CHARSET=utf8;

--
-- Volcado de datos para la tabla `notas`
--

INSERT INTO `notas` (`id`, `nota`, `observaciones`, `id_alumno`, `id_materia`) VALUES
(216, '10.00', 'Sin observaciones', 3, 1),
(217, '7.00', 'Sin observaciones', 3, 1),
(218, '6.00', 'Sin observaciones', 3, 1),
(219, '8.00', 'Sin observaciones', 3, 1),
(220, '8.00', 'Sin observaciones', 4, 1),
(221, '9.00', 'Sin observaciones', 4, 1),
(222, '9.00', 'Sin observaciones', 4, 1),
(223, '6.00', 'Sin observaciones', 4, 1),
(228, '10.00', 'Sin observaciones', 7, 1),
(229, '9.00', 'Sin observaciones', 7, 1),
(230, '8.00', 'Sin observaciones', 7, 1),
(231, '10.00', 'Sin observaciones', 7, 1);

-- --------------------------------------------------------

--
-- Estructura de tabla para la tabla `secciones`
--

CREATE TABLE `secciones` (
  `id` int(11) NOT NULL,
  `nombre` char(1) NOT NULL
) ENGINE=InnoDB DEFAULT CHARSET=utf8;

--
-- Volcado de datos para la tabla `secciones`
--

INSERT INTO `secciones` (`id`, `nombre`) VALUES
(1, 'A'),
(2, 'B'),
(3, 'C');

-- --------------------------------------------------------

--
-- Estructura de tabla para la tabla `users`
--

CREATE TABLE `users` (
  `id` int(11) NOT NULL,
  `username` varchar(50) NOT NULL,
  `password` varchar(50) NOT NULL,
  `nombre` varchar(50) NOT NULL,
  `rol` varchar(50) NOT NULL,
  `id_cargo` int(11) NOT NULL
) ENGINE=InnoDB DEFAULT CHARSET=utf8;

--
-- Volcado de datos para la tabla `users`
--

INSERT INTO `users` (`id`, `username`, `password`, `nombre`, `rol`, `id_cargo`) VALUES
(1, 'admin', 'admin123', 'CUI', 'Administrador', 1),
(2, 'profe1', 'profe123', 'Profesor', 'Profesor', 2),
(3, 'estud1', 'estud123', 'Estudiante', 'Estudiante', 3);

--
-- Índices para tablas volcadas
--

--
-- Indices de la tabla `alumnos`
--
ALTER TABLE `alumnos`
  ADD PRIMARY KEY (`id`),
  ADD KEY `FK_alumnos_idgrado_idx` (`id_grado`),
  ADD KEY `FK_alumnos_idseccion_idx` (`id_seccion`);

--
-- Indices de la tabla `cargo`
--
ALTER TABLE `cargo`
  ADD PRIMARY KEY (`id`);

--
-- Indices de la tabla `grados`
--
ALTER TABLE `grados`
  ADD PRIMARY KEY (`id`);

--
-- Indices de la tabla `materias`
--
ALTER TABLE `materias`
  ADD PRIMARY KEY (`id`),
  ADD KEY `FK_id_grado_materias_idx` (`id_grado`);

--
-- Indices de la tabla `notas`
--
ALTER TABLE `notas`
  ADD PRIMARY KEY (`id`),
  ADD KEY `FK_notas_id_alumno_idx` (`id_alumno`),
  ADD KEY `FK_notas_id_materia_idx` (`id_materia`);

--
-- Indices de la tabla `secciones`
--
ALTER TABLE `secciones`
  ADD PRIMARY KEY (`id`);

--
-- Indices de la tabla `users`
--
ALTER TABLE `users`
  ADD PRIMARY KEY (`id`),
  ADD KEY `id_cargo` (`id_cargo`);

--
-- AUTO_INCREMENT de las tablas volcadas
--

--
-- AUTO_INCREMENT de la tabla `alumnos`
--
ALTER TABLE `alumnos`
  MODIFY `id` int(11) NOT NULL AUTO_INCREMENT, AUTO_INCREMENT=8;

--
-- AUTO_INCREMENT de la tabla `cargo`
--
ALTER TABLE `cargo`
  MODIFY `id` int(11) NOT NULL AUTO_INCREMENT, AUTO_INCREMENT=4;

--
-- AUTO_INCREMENT de la tabla `grados`
--
ALTER TABLE `grados`
  MODIFY `id` int(11) NOT NULL AUTO_INCREMENT, AUTO_INCREMENT=2;

--
-- AUTO_INCREMENT de la tabla `materias`
--
ALTER TABLE `materias`
  MODIFY `id` int(11) NOT NULL AUTO_INCREMENT, AUTO_INCREMENT=2;

--
-- AUTO_INCREMENT de la tabla `notas`
--
ALTER TABLE `notas`
  MODIFY `id` int(11) NOT NULL AUTO_INCREMENT, AUTO_INCREMENT=232;

--
-- AUTO_INCREMENT de la tabla `secciones`
--
ALTER TABLE `secciones`
  MODIFY `id` int(11) NOT NULL AUTO_INCREMENT, AUTO_INCREMENT=4;

--
-- AUTO_INCREMENT de la tabla `users`
--
ALTER TABLE `users`
  MODIFY `id` int(11) NOT NULL AUTO_INCREMENT, AUTO_INCREMENT=4;

--
-- Restricciones para tablas volcadas
--

--
-- Filtros para la tabla `alumnos`
--
ALTER TABLE `alumnos`
  ADD CONSTRAINT `FK_alumnos_idgrado` FOREIGN KEY (`id_grado`) REFERENCES `grados` (`id`) ON DELETE NO ACTION ON UPDATE NO ACTION,
  ADD CONSTRAINT `FK_alumnos_idseccion` FOREIGN KEY (`id_seccion`) REFERENCES `secciones` (`id`) ON DELETE NO ACTION ON UPDATE NO ACTION;

--
-- Filtros para la tabla `materias`
--
ALTER TABLE `materias`
  ADD CONSTRAINT `FK_id_grado_materias` FOREIGN KEY (`id_grado`) REFERENCES `grados` (`id`) ON DELETE NO ACTION ON UPDATE NO ACTION;

--
-- Filtros para la tabla `notas`
--
ALTER TABLE `notas`
  ADD CONSTRAINT `FK_notas_id_alumno` FOREIGN KEY (`id_alumno`) REFERENCES `alumnos` (`id`) ON DELETE NO ACTION ON UPDATE NO ACTION,
  ADD CONSTRAINT `FK_notas_id_materia` FOREIGN KEY (`id_materia`) REFERENCES `materias` (`id`) ON DELETE NO ACTION ON UPDATE NO ACTION;

--
-- Filtros para la tabla `users`
--
ALTER TABLE `users`
  ADD CONSTRAINT `users_ibfk_1` FOREIGN KEY (`id_cargo`) REFERENCES `cargo` (`id`) ON DELETE CASCADE ON UPDATE CASCADE;
COMMIT;

/*!40101 SET CHARACTER_SET_CLIENT=@OLD_CHARACTER_SET_CLIENT */;
/*!40101 SET CHARACTER_SET_RESULTS=@OLD_CHARACTER_SET_RESULTS */;
/*!40101 SET COLLATION_CONNECTION=@OLD_COLLATION_CONNECTION */;
